"id_produk_jenis";"produk_jenis";"produk_jenis_idn";"produk_jenis_eng";"created_at";"updated_at";"deleted_at";"produk_jenis_baku"
PJ-000233;Tin Powder;Bubuk Timah;Tin Powder;;;;Bubuk Timah (Tin Powder)
PJ-000234;Tin Tube;Pipa Timah;Tin Tube;;;;Tin Tube
PJ-000235;Tin Stabilizer;Bahan Penstabil dari Timah;Tin Stabilizer;;;;Bahan Penstabil dari Timah (Tin Stabilizer)
PJ-000236;Semi-Extracted Buton Asphalt;Aspal Buton Semi Ekstraksi;Semi-Extracted Buton Asphalt;;;;Aspal Buton Semi Ekstraksi (Semi-Extracted Buton Asphalt)
PJ-000237;Hotmix Buton Asphalt;Aspal Buton Hotmix;Hotmix Buton Asphalt;;;;Aspal Buton Hotmix (Hotmix Buton Asphalt)
PJ-000238;Tin Profile;Profil Timah;Tin Profile;;;;Profil Timah (Tin Profile)
PJ-000239;Bullion;Bullion;Bullion;;;;Bullion
PJ-000240;Uranium;Uranium;Uranium;;;;Uranium
PJ-000188;Frozen TCT Fish;Ikan TCT Beku;Frozen TCT Fish;;;;Ikan TCT Beku (Frozen TCT Fish)
PJ-000186;Processed TCT Fish;Ikan TCT Olahan;Processed TCT Fish;;;;Ikan TCT Olahan (Processed TCT Fish)
PJ-000191;Fish Meal;Pakan Ikan;Fish Meal;;;;Pakan Ikan (Fish Meal)
PJ-000193;Collagen;Kolagen;Collagen;;;;Kolagen (Collagen)
PJ-000187;Canned Crab;Kepiting Kalengan;Canned Crab;;;;Kepiting Kalengan (Canned Crab)
PJ-000062;Electric Motor Drive;Penggerak Motor Listrik;Electric Motor Drive;;;;Penggerak Motor Listrik (Electric Motor Drive)
PJ-000201;Processed Shrimp;Udang Olahan;Processed Shrimp;;;;Udang Olahan (Processed Shrimp)
PJ-000197;Frozen Shrimp;Udang Beku;Frozen Shrimp;;;;Udang Beku (Frozen Shrimp)
PJ-000485;Dried Seaweed;Rumput Laut Kering;Dried Seaweed;;;;Rumput Laut Kering (Dried Seaweed)
PJ-000486;Dessert Products;Produk Dessert;Dessert Products;;;;Produk Dessert (Dessert Products)
PJ-000487;Wet Seaweed;Rumput Laut Basah;Wet Seaweed;;;;Rumput Laut Basah (Wet Seaweed)
PJ-000205;Non-Food Grade Chemical Products;Produk Kimia Non-Makanan;Non-Food Grade Chemical Products;;;;Produk Kimia Non-Makanan (Non-Food Grade Chemical Products)
PJ-000206;Plant Fertilizer;Pupuk Tanaman;Plant Fertilizer;;;;Pupuk Tanaman (Plant Fertilizer)
PJ-000202;ATCC;ATCC;ATCC;;;;ATCC
PJ-000136;Crude Palm Kernel Oil;Minyak Inti Kelapa Sawit Mentah;Crude Palm Kernel Oil;;;;Minyak Inti Kelapa Sawit Mentah (Crude Palm Kernel Oil)
PJ-000138;Stearin;Stearin;Stearin;;;;Stearin
PJ-000137;Olein;Olein;Olein;;;;Olein
PJ-000141;Refined Bleached Deodorized Palm Olein (RBDP);Olein Sawit yang Diblansir dan Dideodorisasi (RBDP);Refined Bleached Deodorized Palm Olein (RBDP);;;;Olein Sawit yang Diblansir dan Dideodorisasi (RBDP) (Refined Bleached Deodorized Palm Olein (RBDP))
PJ-000142;Refined Bleached Deodorized Palm Stearin (RBDP Stearin);Stearin Sawit yang Diblansir dan Dideodorisasi (RBDP Stearin);Refined Bleached Deodorized Palm Stearin (RBDP Stearin);;;;Stearin Sawit yang Diblansir dan Dideodorisasi (RBDP Stearin) (Refined Bleached Deodorized Palm Stearin (RBDP Stearin))
PJ-000328;Pretreated Palm Stearin;Stearin Sawit yang Diolah Sebelumnya;Pretreated Palm Stearin;;;;Stearin Sawit yang Diolah Sebelumnya (Pretreated Palm Stearin)
PJ-000140;Refined Bleached Deodorized Palm Kernel Oil (RBDPKO);Minyak Inti Sawit yang Diblansir dan Dideodorisasi (RBDPKO);Refined Bleached Deodorized Palm Kernel Oil (RBDPKO);;;;Minyak Inti Sawit yang Diblansir dan Dideodorisasi (RBDPKO) (Refined Bleached Deodorized Palm Kernel Oil (RBDPKO))
PJ-000145;Cooking Oil;Minyak Goreng;Cooking Oil;;;;Minyak Goreng (Cooking Oil)
PJ-000149;Cottonseed Meal;Bungkil Biji Kapuk;Cottonseed Meal;;;;Bungkil Biji Kapuk (Cottonseed Meal)
PJ-000150;Copra Seed Meal;Bungkil Kopra;Copra Seed Meal;;;;Bungkil Kopra (Copra Seed Meal)
PJ-000151;Peanut Oil;Minyak Kacang kacangan;Peanut Oil;;;;Minyak Kacang kacangan (Peanut Oil)
PJ-000329;Shortening;Mentega;Shortening;;;;Mentega (Shortening)
PJ-000496;Margarine;Margarin;Margarine;;;;Margarin (Margarine)
PJ-000497;Cocoa Paste;Pasta Kakao;Cocoa Paste;;;;Pasta Kakao (Cocoa Paste)
PJ-000153;Cocoa Powder;Bubuk Kakao;Cocoa Powder;;;;Bubuk Kakao (Cocoa Powder)
PJ-000499;Cocoa Liquor;Kakao Liquor;Cocoa Liquor;;;;Kakao Liquor (Cocoa Liquor)
PJ-000500;Cocoa Cake;Kakao Cake;Cocoa Cake;;;;Kakao Cake (Cocoa Cake)
PJ-000152;Cocoa Fat;Lemak Kakao;Cocoa Fat;;;;Lemak Kakao (Cocoa Fat)
PJ-000154;Chocolate Bar;Cokelat Batangan;Chocolate Bar;;;;Cokelat Batangan (Chocolate Bar)
PJ-000502;Chocolate Flavorings;Flavour;Chocolate Flavorings;;;;Flavour (Chocolate Flavorings)
PJ-000212;Edible Salt;Garam Konsumsi;Edible Salt;;;;Garam Konsumsi (Edible Salt)
PJ-000503;Coconut Milk;Santan;Coconut Milk;;;;Santan (Coconut Milk)
PJ-000155;Nata de Coco;Nata de Coco;Nata de Coco;;;;Nata de Coco
PJ-000156;Medium Chain Triglycerides (MCT);MCT;Medium Chain Triglycerides (MCT);;;;MCT (Medium Chain Triglycerides (MCT))
PJ-000157;Coconut Flour;Tepung Kelapa;Coconut Flour;;;;Tepung Kelapa (Coconut Flour)
PJ-000504;Coconut Oil;Minyak Kelapa;Coconut Oil;;;;Minyak Kelapa (Coconut Oil)
PJ-000505;Coco Vinegar;Cuka Kelapa;Coco Vinegar;;;;Cuka Kelapa (Coco Vinegar)
PJ-000210;Industrial Salt;Garam Industri;Industrial Salt;;;;Garam Industri (Industrial Salt)
PJ-000506;Folk Salt;Garam Rakyat;Folk Salt;;;;Garam Rakyat (Folk Salt)
PJ-000005;Briquette;Briket;Briquette;;;;Briket (Briquette)
PJ-000207;Caustic Soda;Soda Kaustik;Caustic Soda;;;;Soda Kaustik (Caustic Soda)
PJ-000117;Soda Ash;Abu Soda;Soda Ash;;;;Abu Soda (Soda Ash)
PJ-000208;Sodium Sulfate;Natrium Sulfat;Sodium Sulfate;;;;Natrium Sulfat (Sodium Sulfate)
PJ-000507;Kalium Hidroksida;Kalium Hidroksida;Potassium Hydroxide;;;;Kalium Hidroksida (Potassium Hydroxide)
PJ-000211;Vacuum Salt;Garam Vakum;Vacuum Salt;;;;Garam Vakum (Vacuum Salt)
PJ-000528;OSAT;OSAT;OSAT;"2025-01-23 07:30:40.758106";;;OSAT
PJ-000509;Asam Klorida;Asam Klorida;Hydrochloric Acid;;;;Asam Klorida (Hydrochloric Acid)
PJ-000034;Copper Slab;Slab Tembaga;Copper Slab;;;;Slab Tembaga (Copper Slab)
PJ-000021;Cold Rolled Coil (CRC) Steel;Gulungan Baja Dingin (CRC);Cold Rolled Coil (CRC) Steel;;;;Gulungan Baja Dingin (CRC) (Cold Rolled Coil (CRC) Steel)
PJ-000054;Copper Wire;Kawat Tembaga;Copper Wire;;;;Kawat Tembaga (Copper Wire)
PJ-000023;Steel Wire Rod;Batang Baja Kawat;Steel Wire Rod;;;;Batang Baja Kawat (Steel Wire Rod)
PJ-000048;Automotive Components;Komponen Otomotif;Automotive Components;;;;Komponen Otomotif (Automotive Components)
PJ-000024;Steel Section;Seksi Baja;Steel Section;;;;Seksi Baja (Steel Section)
PJ-000036;Copper Rod;Batang Tembaga;Copper Rod;;;;Batang Tembaga (Copper Rod)
PJ-000019;Steel Plate;Plat Baja;Steel Plate;;;;Plat Baja (Steel Plate)
PJ-000043;Tin Plate;Plat Timah;Tin Plate;;;;Plat Timah (Tin Plate)
PJ-000056;Wire Nail;Paku Kawat;Wire Nail;;;;Paku Kawat (Wire Nail)
PJ-000020;Hot Rolled Coil (HRC) Steel;Gulungan Baja Panas (HRC);Hot Rolled Coil (HRC) Steel;;;;Gulungan Baja Panas (HRC) (Hot Rolled Coil (HRC) Steel)
PJ-000050;Electrical Components;Komponen Elektrikal;Electrical Components;;;;Komponen Elektrikal (Electrical Components)
PJ-000488;Chemical-Grade Alumina;Alumina Kelas Kimia;Chemical-Grade Alumina;;;;Alumina Kelas Kimia (Chemical-Grade Alumina)
PJ-000069;Semiconductor Chip;Chip Semikonduktor;Semiconductor Chip;;;;Chip Semikonduktor (Semiconductor Chip)
PJ-000489;Wafer Carbide;Karbida Wafer;Wafer Carbide;;;;Karbida Wafer (Wafer Carbide)
PJ-000490;Light Emitting Diode (LED);Dioda Pemancar Cahaya (LED);Light Emitting Diode (LED);;;;Dioda Pemancar Cahaya (LED) (Light Emitting Diode (LED))
PJ-000491;Tin Wire;Kabel Timah;Tin Wire;;;;Kabel Timah (Tin Wire)
PJ-000035;Copper Cathode;Katoda Tembaga;Copper Cathode;;;;Katoda Tembaga (Copper Cathode)
PJ-000492;Copper Billet;Billet Tembaga;Copper Billet;;;;Billet Tembaga (Copper Billet)
PJ-000493;Copper Anode;Anoda Tembaga;Copper Anode;;;;Anoda Tembaga (Copper Anode)
PJ-000494;Magnet;Magnet;Magnet;;;;Magnet
PJ-000313;Aluminium Tube;Tabung Aluminium;Aluminium Tube;;;;Tabung Aluminium (Aluminium Tube)
PJ-000039;Aluminum Slab;Slab Aluminium;Aluminum Slab;;;;Slab Aluminium (Aluminum Slab)
PJ-000045;Tin Solder;Solder Timah;Tin Solder;;;;Solder Timah (Tin Solder)
PJ-000006;Tin Chemical;Timah Kimia;Tin Chemical;;;;Timah Kimia (Tin Chemical)
PJ-000080;Purified Terephthalic Acid (PTA);Asam Tereftalat Murni (PTA);Purified Terephthalic Acid (PTA);;;;Asam Tereftalat Murni (PTA) (Purified Terephthalic Acid (PTA))
PJ-000017;Automotive Steel;Baja untuk Otomotif;Automotive Steel;;;;Baja untuk Otomotif (Automotive Steel)
PJ-000029;Gold Jewelry;Perhiasan Emas;Gold Jewelry;;;;Perhiasan Emas (Gold Jewelry)
PJ-000028;Silver Jewelry;Perhiasan Perak;Silver Jewelry;;;;Perhiasan Perak (Silver Jewelry)
PJ-000037;Nickel Pig Iron;Nikel Pig Iron;Nickel Pig Iron;;;;Nikel Pig Iron (Nickel Pig Iron)
PJ-000042;Aluminum Extrusion;Ekstrusi Aluminium;Aluminum Extrusion;;;;Ekstrusi Aluminium (Aluminum Extrusion)
PJ-000040;Aluminum Billet;Billet Aluminium;Aluminum Billet;;;;Billet Aluminium (Aluminum Billet)
PJ-000025;Steel Pipe;Pipa Baja;Steel Pipe;;;;Pipa Baja (Steel Pipe)
PJ-000049;Food Packaging;Kemasan Makanan;Food Packaging;;;;Kemasan Makanan (Food Packaging)
PJ-000044;Tin Foil;Foil Timah;Tin Foil;;;;Foil Timah (Tin Foil)
PJ-000513;Manganese Bar Rod Hot Rolled etc;Mangan Batangan Hot Rolled dll;Manganese Bar Rod Hot Rolled etc;;;;Mangan Batangan Hot Rolled dll (Manganese Bar Rod Hot Rolled etc)
PJ-000514;Wire Manganese Steel Based;Kawat Baja Mangan;Wire Manganese Steel Based;;;;Kawat Baja Mangan (Wire Manganese Steel Based)
PJ-000516;Rectangular dan Square Mn Based;Mangan Balokan dan Kotakan;Rectangular dan Square Mn Based;;;;Mangan Balokan dan Kotakan (Rectangular dan Square Mn Based)
PJ-000512;Mangan Sulfat;Mangan Sulfat;Mangan Sulphate;;;;Mangan Sulfat (Mangan Sulphate)
PJ-000511;Mangan Oksida;Mangan Oksida;Mangan Oxyde;;;;Mangan Oksida (Mangan Oxyde)
PJ-000063;Battery Precursor;Prekursor Baterai;Battery Precursor;;;;Prekursor Baterai (Battery Precursor)
PJ-000517;Cobalt Powder;Bubuk Kobal;Cobalt Powder;;;;Bubuk Kobal (Cobalt Powder)
PJ-000510;Ferro Silicon Mangan;Alloy Besi (Fe-Si-Mn);Ferro Silicon Mangan;;;;Alloy Besi (Fe-Si-Mn) (Ferro Silicon Mangan)
PJ-000002;Coke and Semicoke;Kokas dan Semikokas;Coke and Semicoke;;;;Kokas dan Semikokas (Coke and Semicoke)
PJ-000003;Synthesis Gas (Syngas);Gas Sintesis (Syngas);Synthesis Gas (Syngas);;;;Gas Sintesis (Syngas) (Synthesis Gas (Syngas))
PJ-000004;Coal Tar Pitch;Pitch Tar Batubara;Coal Tar Pitch;;;;Pitch Tar Batubara (Coal Tar Pitch)
PJ-000007;Methanol;Metanol;Methanol;;;;Metanol (Methanol)
PJ-000008;Dimethyl Ether (DME);DME;Dimethyl Ether (DME);;;;DME (Dimethyl Ether (DME))
PJ-000009;Ammonia;Amonia;Ammonia;;;;Amonia (Ammonia)
PJ-000010;Granular Asphalt;Aspal Butir;Granular Asphalt;;;;Aspal Butir (Granular Asphalt)
PJ-000011;Pure Asphalt;Aspal Murni;Pure Asphalt;;;;Aspal Murni (Pure Asphalt)
PJ-000012;Steel for Construction;Baja Konstruksi;Steel for Construction;;;;Baja Konstruksi (Steel for Construction)
PJ-000013;Steel Billet;Billet Baja;Steel Billet;;;;Billet Baja (Steel Billet)
PJ-000014;Steel Slab;Slab Baja;Steel Slab;;;;Slab Baja (Steel Slab)
PJ-000015;Steel Bloom;Bloem Baja;Steel Bloom;;;;Bloem Baja (Steel Bloom)
PJ-000016;Steel Ingot;Ingot Baja;Steel Ingot;;;;Ingot Baja (Steel Ingot)
PJ-000018;Coated Steel;Baja Terlapisi;Coated Steel;;;;Baja Terlapisi (Coated Steel)
PJ-000022;Steel Bar;Batang Baja;Steel Bar;;;;Batang Baja (Steel Bar)
PJ-000026;Hollow Section Steel;Baja Hollow Section;Hollow Section Steel;;;;Baja Hollow Section (Hollow Section Steel)
PJ-000027;PCB (Printed Circuit Board);PCB (Papan Sirkuit Cetak);PCB (Printed Circuit Board);;;;PCB (Papan Sirkuit Cetak) (PCB (Printed Circuit Board))
PJ-000041;Smelter-Grade Alumina;Alumina Kualitas Peleburan;Smelter-Grade Alumina;;;;Alumina Kualitas Peleburan (Smelter-Grade Alumina)
PJ-000046;Nickel Sulphate;Nikel Sulfat;Nickel Sulphate;;;;Nikel Sulfat (Nickel Sulphate)
PJ-000047;Mixed Hydroxide Precipitate;Preipitasi Hidroksida Campuran;Mixed Hydroxide Precipitate;;;;Preipitasi Hidroksida Campuran (Mixed Hydroxide Precipitate)
PJ-000053;PC Wire/Bar;Kabel PC/Bar;PC Wire/Bar;;;;Kabel PC/Bar (PC Wire/Bar)
PJ-000055;Electric Wire;Kabel Listrik;Electric Wire;;;;Kabel Listrik (Electric Wire)
PJ-000057;Fastener;Pengikat;Fastener;;;;Pengikat (Fastener)
PJ-000058;Wire Mesh;Kawat Jala;Wire Mesh;;;;Kawat Jala (Wire Mesh)
PJ-000038;Aluminum Ingot;Ingot Alumunium;Aluminum Ingot;;;;Ingot Alumunium (Aluminum Ingot)
PJ-000059;Renewable Energy Devices;Alat Energi Terbarukan;Renewable Energy Devices;;;;Alat Energi Terbarukan (Renewable Energy Devices)
PJ-000060;Solar Cell Modules;Modul Sel Surya;Solar Cell Modules;;;;Modul Sel Surya (Solar Cell Modules)
PJ-000061;Electronics;Elektronika;Electronics;;;;Elektronika (Electronics)
PJ-000064;Battery Cathode;Katoda Baterai;Battery Cathode;;;;Katoda Baterai (Battery Cathode)
PJ-000065;Battery Pack;Paket Baterai;Battery Pack;;;;Paket Baterai (Battery Pack)
PJ-000066;Aluminum;Aluminium;Aluminum;;;;Aluminium (Aluminum)
PJ-000067;Gold Metal;Logam Emas;Gold Metal;;;;Logam Emas (Gold Metal)
PJ-000068;Silver Metal;Logam Perak;Silver Metal;;;;Logam Perak (Silver Metal)
PJ-000070;Naphtha (Raw Material);Naphta (Bahan Baku);Naphtha (Raw Material);;;;Naphta (Bahan Baku) (Naphtha (Raw Material))
PJ-000071;Liquefied Petroleum Gas (LPG) (Raw Material);Gas Minyak Bumi Cair (LPG) (Bahan Baku);Liquefied Petroleum Gas (LPG) (Raw Material);;;;Gas Minyak Bumi Cair (LPG) (Bahan Baku) (Liquefied Petroleum Gas (LPG) (Raw Material))
PJ-000072;High Octane Mogas Component (HOMC);Komponen Mogas Oktan Tinggi (HOMC);High Octane Mogas Component (HOMC);;;;Komponen Mogas Oktan Tinggi (HOMC) (High Octane Mogas Component (HOMC))
PJ-000073;N.B. Solvent (Excluding Benzene & Propylene);;;;;;N.B. Solvent (Excluding Benzene & Propylene)
PJ-000074;Ethylene;Etilena;Ethylene;;;;Etilena (Ethylene)
PJ-000075;Propylene;Propilena;Propylene;;;;Propilena (Propylene)
PJ-000076;Para-Xylene;P-Xilen;Para-Xylene;;;;P-Xilen (Para-Xylene)
PJ-000077;Butadiene;Butadiena;Butadiene;;;;Butadiena (Butadiene)
PJ-000078;Mixed Xylene;Xilen Campuran;Mixed Xylene;;;;Xilen Campuran (Mixed Xylene)
PJ-000079;Toluene;Toluena;Toluene;;;;Toluena (Toluene)
PJ-000081;Ethylene Oxide;Etilena Oksida;Ethylene Oxide;;;;Etilena Oksida (Ethylene Oxide)
PJ-000082;Ethylene Dichloride;Etilena Diklorida;Ethylene Dichloride;;;;Etilena Diklorida (Ethylene Dichloride)
PJ-000083;Vinyl Chloride Monomer;Monomer Klorida Vinil;Vinyl Chloride Monomer;;;;Monomer Klorida Vinil (Vinyl Chloride Monomer)
PJ-000084;Acrylonitrile;Akrilonitril;Acrylonitrile;;;;Akrilonitril (Acrylonitrile)
PJ-000085;Propylene Oxide;Propilena Oksida;Propylene Oxide;;;;Propilena Oksida (Propylene Oxide)
PJ-000086;Phenol;Fenol;Phenol;;;;Fenol (Phenol)
PJ-000087;Toluene Diisocyanate;Diisosianat Toluena;Toluene Diisocyanate;;;;Diisosianat Toluena (Toluene Diisocyanate)
PJ-000088;Carbon Black;Hitam Karbon;Carbon Black;;;;Hitam Karbon (Carbon Black)
PJ-000089;Vinyl Acetate Monomer;Monomer Asetat Vinil;Vinyl Acetate Monomer;;;;Monomer Asetat Vinil (Vinyl Acetate Monomer)
PJ-000090;Styrene Monomer;Monomer Stiren;Styrene Monomer;;;;Monomer Stiren (Styrene Monomer)
PJ-000091;Benzene;Benzena;Benzene;;;;Benzena (Benzene)
PJ-000092;Polystyrene;Polistirena;Polystyrene;;;;Polistirena (Polystyrene)
PJ-000093;Polyethylene (PE);Polietilena (PE);Polyethylene (PE);;;;Polietilena (PE) (Polyethylene (PE))
PJ-000094;High-Density Polyethylene (HDPE);Polietilena Berkecepatan Tinggi (HDPE);High-Density Polyethylene (HDPE);;;;Polietilena Berkecepatan Tinggi (HDPE) (High-Density Polyethylene (HDPE))
PJ-000095;Low-Density Polyethylene (LDPE);Polietilena Berkecepatan Rendah (LDPE);Low-Density Polyethylene (LDPE);;;;Polietilena Berkecepatan Rendah (LDPE) (Low-Density Polyethylene (LDPE))
PJ-000096;Light Low-Density Polyethylene (LLDPE);Polietilena Berkecepatan Rendah (LLDPE);Light Low-Density Polyethylene (LLDPE);;;;Polietilena Berkecepatan Rendah (LLDPE) (Light Low-Density Polyethylene (LLDPE))
PJ-000097;Polypropylene (PP);Polipropilena (PP);Polypropylene (PP);;;;Polipropilena (PP) (Polypropylene (PP))
PJ-000098;Polyvinyl Chloride (PVC);Polivinil Klorida (PVC);Polyvinyl Chloride (PVC);;;;Polivinil Klorida (PVC) (Polyvinyl Chloride (PVC))
PJ-000099;Polyester;Poliester;Polyester;;;;Poliester (Polyester)
PJ-000100;Polyvinyl Acetate (PVAc);Polivinil Asetat (PVAc);Polyvinyl Acetate (PVAc);;;;Polivinil Asetat (PVAc) (Polyvinyl Acetate (PVAc))
PJ-000101;Polyvinyl Alcohol (PVA);Polivinil Alkohol (PVA);Polyvinyl Alcohol (PVA);;;;Polivinil Alkohol (PVA) (Polyvinyl Alcohol (PVA))
PJ-000102;Polyethylene Terephthalate (PET);Tereftalat Polietilena (PET);Polyethylene Terephthalate (PET);;;;Tereftalat Polietilena (PET) (Polyethylene Terephthalate (PET))
PJ-000103;Polyurethane;Poliuretana;Polyurethane;;;;Poliuretana (Polyurethane)
PJ-000104;Para-Xylene (P-Xylene);P-Xilen;Para-Xylene (P-Xylene);;;;P-Xilen (Para-Xylene (P-Xylene))
PJ-000105;Ethylbenzene;Etilbenzena;Ethylbenzene;;;;Etilbenzena (Ethylbenzene)
PJ-000106;Propylene Glycol;Propilen Glikol;Propylene Glycol;;;;Propilen Glikol (Propylene Glycol)
PJ-000107;Alkylbenzene;Alkilbenzen;Alkylbenzene;;;;Alkilbenzen (Alkylbenzene)
PJ-000108;Alkylnaphthalene;Alkilnaftalena;Alkylnaphthalene;;;;Alkilnaftalena (Alkylnaphthalene)
PJ-000109;Ethylene Glycol;Etilena Glikol;Ethylene Glycol;;;;Etilena Glikol (Ethylene Glycol)
PJ-000110;Acrylonitrile Butadiene Styrene (ABS);Akrilonitril Butadiena Stiren (ABS);Acrylonitrile Butadiene Styrene (ABS);;;;Akrilonitril Butadiena Stiren (ABS) (Acrylonitrile Butadiene Styrene (ABS))
PJ-000111;Styrene-Butadiene Rubber (SBR);Karet Stiren-Butadiena;Styrene-Butadiene Rubber (SBR);;;;Karet Stiren-Butadiena (Styrene-Butadiene Rubber (SBR))
PJ-000112;Isoprene Rubber;Karet Isoprena;Isoprene Rubber;;;;Karet Isoprena (Isoprene Rubber)
PJ-000113;Acrylonitrile Butadiene Rubber;Karet Akrilonitril Butadiena;Acrylonitrile Butadiene Rubber;;;;Karet Akrilonitril Butadiena (Acrylonitrile Butadiene Rubber)
PJ-000114;Chloroprene Rubber;Karet Kloroprena;Chloroprene Rubber;;;;Karet Kloroprena (Chloroprene Rubber)
PJ-000115;Butadiene Rubber;Karet Butadiena;Butadiene Rubber;;;;Karet Butadiena (Butadiene Rubber)
PJ-000116;Ethylene Propylene Diene Monomer (EPDM);Etilena Propilena Diene Monomer (EPDM);Ethylene Propylene Diene Monomer (EPDM);;;;Etilena Propilena Diene Monomer (EPDM) (Ethylene Propylene Diene Monomer (EPDM))
PJ-000118;Ammonium Chloride;Amonium Klorida;Ammonium Chloride;;;;Amonium Klorida (Ammonium Chloride)
PJ-000119;Hydrogen;Hidrogen;Hydrogen;;;;Hidrogen (Hydrogen)
PJ-000120;Nitroglycerin;Nitroglycerin;Nitroglycerin;;;;Nitroglycerin
PJ-000121;Nitrocellulose;Nitroselulosa;Nitrocellulose;;;;Nitroselulosa (Nitrocellulose)
PJ-000122;Ammonium Nitrate;Amonium Nitrat;Ammonium Nitrate;;;;Amonium Nitrat (Ammonium Nitrate)
PJ-000123;Nitric Acid;Asam Nitrat;Nitric Acid;;;;Asam Nitrat (Nitric Acid)
PJ-000124;Sulfuric Acid;Asam Sulfat;Sulfuric Acid;;;;Asam Sulfat (Sulfuric Acid)
PJ-000125;Phosphoric Acid;Asam Fosfat;Phosphoric Acid;;;;Asam Fosfat (Phosphoric Acid)
PJ-000126;Urea;Urea;Urea;;;;Urea
PJ-000127;Potassium Chloride;Kalium Klorida;Potassium Chloride;;;;Kalium Klorida (Potassium Chloride)
PJ-000128;Nitrogen Phosphorus Potassium (NPK);Nitrogen Fosfor Kalium (NPK);Nitrogen Phosphorus Potassium (NPK);;;;Nitrogen Fosfor Kalium (NPK) (Nitrogen Phosphorus Potassium (NPK))
PJ-000129;Monoammonium Phosphate;Monoammonium Fosfat;Monoammonium Phosphate;;;;Monoammonium Fosfat (Monoammonium Phosphate)
PJ-000130;Potassium Ammonium Chloride;Kalium Amonium Khlorida;Potassium Ammonium Chloride;;;;Kalium Amonium Khlorida (Potassium Ammonium Chloride)
PJ-000131;Potassium Metaphosphate;Kalium Metafosfat;Potassium Metaphosphate;;;;Kalium Metafosfat (Potassium Metaphosphate)
PJ-000132;Ammonium Potassium Phosphate;Amonium Kalium Fosfat;Ammonium Potassium Phosphate;;;;Amonium Kalium Fosfat (Ammonium Potassium Phosphate)
PJ-000133;NPK Nitrate;NPK Nitrate;NPK Nitrate;;;;NPK Nitrate
PJ-000134;Carotene;Karotene;Carotene;;;;Karotene (Carotene)
PJ-000135;Tocopherol;Tokoferol;Tocopherol;;;;Tokoferol (Tocopherol)
PJ-000139;Refined Bleached Deodorized Palm Oil (RBDPO);Minyak Sawit yang Diblansir dan Dideodorisasi (RBDPO);Refined Bleached Deodorized Palm Oil (RBDPO);;;;Minyak Sawit yang Diblansir dan Dideodorisasi (RBDPO) (Refined Bleached Deodorized Palm Oil (RBDPO))
PJ-000143;Refined Bleached Deodorized Olein (RBD Olein);Olein Palmita yang Diblansir dan Dideodorisasi (RBD Olein);Refined Bleached Deodorized Olein (RBD Olein);;;;Olein Palmita yang Diblansir dan Dideodorisasi (RBD Olein) (Refined Bleached Deodorized Olein (RBD Olein))
PJ-000144;Refined Bleached Deodorized Stearin (RBD Stearin);Stearin Palmita yang Diblansir dan Dideodorisasi (RBD Stearin);Refined Bleached Deodorized Stearin (RBD Stearin);;;;Stearin Palmita yang Diblansir dan Dideodorisasi (RBD Stearin) (Refined Bleached Deodorized Stearin (RBD Stearin))
PJ-000146;Fatty Alcohol;Alkohol Lemak;Fatty Alcohol;;;;Alkohol Lemak (Fatty Alcohol)
PJ-000147;Biosurfactant;Biosurfaktan;Biosurfactant;;;;Biosurfaktan (Biosurfactant)
PJ-000148;Cocoa Butter Substitute (CBS);Pengganti Mentega Kakao (CBS);Cocoa Butter Substitute (CBS);;;;Pengganti Mentega Kakao (CBS) (Cocoa Butter Substitute (CBS))
PJ-000158;Nutmeg Powder;Bubuk Pala;Nutmeg Powder;;;;Bubuk Pala (Nutmeg Powder)
PJ-000160;Pepper Powder;Lada Bubuk;Pepper Powder;;;;Lada Bubuk (Pepper Powder)
PJ-000162;Nutmeg Oil;Minyak Pala;Nutmeg Oil;;;;Minyak Pala (Nutmeg Oil)
PJ-000163;Oleoresin;Oleoresin;Oleoresin;;;;Oleoresin
PJ-000164;Motorcycle Tire;Ban Kendaraan Roda Dua;Motorcycle Tire;;;;Ban Kendaraan Roda Dua (Motorcycle Tire)
PJ-000165;Bicycle Tire;Ban Sepeda;Bicycle Tire;;;;Ban Sepeda (Bicycle Tire)
PJ-000166;Car Tire;Ban Mobil;Car Tire;;;;Ban Mobil (Car Tire)
PJ-000167;Airplane Tire;Ban Pesawat;Airplane Tire;;;;Ban Pesawat (Airplane Tire)
PJ-000168;Construction Bearing;Bantalan Konstruksi;Construction Bearing;;;;Bantalan Konstruksi (Construction Bearing)
PJ-000169;Medical Gloves;Sarung Tangan Medis;Medical Gloves;;;;Sarung Tangan Medis (Medical Gloves)
PJ-000170;Premium Plywood;Plywood Premium;Premium Plywood;;;;Plywood Premium (Premium Plywood)
PJ-000171;Furnitur;Furnitur;Furnitur;;;;Furnitur
PJ-000172;Bangunan Fabrikasi;Bangunan Fabrikasi;Bangunan Fabrikasi;;;;Bangunan Fabrikasi
PJ-000173;Housing dan Ship Component;Komponen Rumah dan Kapal;Housing dan Ship Component;;;;Komponen Rumah dan Kapal (Housing dan Ship Component)
PJ-000174;Wood Pellet;Pelet Kayu;Wood Pellet;;;;Pelet Kayu (Wood Pellet)
PJ-000175;Biodiesel;Biodiesel;Biodiesel;;;;Biodiesel
PJ-000176;Palm-Based Gasoline;Bensin Sawit;Palm-Based Gasoline;;;;Bensin Sawit (Palm-Based Gasoline)
PJ-000177;Bioethanol;Bioetanol;Bioethanol;;;;Bioetanol (Bioethanol)
PJ-000178;Bioavtur;Bioavtur;Bioavtur;;;;Bioavtur
PJ-000179;Hydrocarbon Biodiesel;Biodiesel Hidrokarbon;Hydrocarbon Biodiesel;;;;Biodiesel Hidrokarbon (Hydrocarbon Biodiesel)
PJ-000180;Activated Carbon;Karbon Aktif;Activated Carbon;;;;Karbon Aktif (Activated Carbon)
PJ-000181;Alpha-Pinene;Alfa-Pinene;Alpha-Pinene;;;;Alfa-Pinene (Alpha-Pinene)
PJ-000182;Delta-Carene;Delta-Karene;Delta-Carene;;;;Delta-Karene (Delta-Carene)
PJ-000183;Rosin Ester;Ester Rosin;Rosin Ester;;;;Ester Rosin (Rosin Ester)
PJ-000184;Maleic Resin;Resin Maleat;Maleic Resin;;;;Resin Maleat (Maleic Resin)
PJ-000185;Fatty Acid;Asam Lemak;Fatty Acid;;;;Asam Lemak (Fatty Acid)
PJ-000189;Frozen Tilapia Fish;Ikan Tilapia Beku;Frozen Tilapia Fish;;;;Ikan Tilapia Beku (Frozen Tilapia Fish)
PJ-000190;Fish Oil;Minyak Ikan;Fish Oil;;;;Minyak Ikan (Fish Oil)
PJ-000192;Gelatin;Gelatin;Gelatin;;;;Gelatin
PJ-000194;Fillet TCT;Fillet TCT;Fillet TCT;;;;Fillet TCT
PJ-000195;Fillet Tilapia;Fillet Tilapia;Fillet Tilapia;;;;Fillet Tilapia
PJ-000196;Peeled Crab;Kepiting Kupas;Peeled Crab;;;;Kepiting Kupas (Peeled Crab)
PJ-000198;Chitin;Chitin;Chitin;;;;Chitin
PJ-000199;Chitosan;Chitosan;Chitosan;;;;Chitosan
PJ-000200;Glukosamin;Glukosamin;Glukosamin;;;;Glukosamin
PJ-000203;Carrageenan;Karagenan;Carrageenan;;;;Karagenan (Carrageenan)
PJ-000204;Agar-Agar;Agar-Agar;Agar-Agar;;;;Agar-Agar
PJ-000209;Sodium Carbonate;Natrium Karbonat;Sodium Carbonate;;;;Natrium Karbonat (Sodium Carbonate)
PJ-000213;Pulp (Paper Pulp);Bubur Kertas (Pulp);Pulp (Paper Pulp);;;;Bubur Kertas (Pulp) (Pulp (Paper Pulp))
PJ-000214;Writing Paper (HVS Paper);Kertas Tulis (HVS);Writing Paper (HVS Paper);;;;Kertas Tulis (HVS) (Writing Paper (HVS Paper))
PJ-000215;Newsprint;Kertas Koran;Newsprint;;;;Kertas Koran (Newsprint)
PJ-000216;Stamp Paper;Kertas Bandrol;Stamp Paper;;;;Kertas Bandrol (Stamp Paper)
PJ-000217;Check Paper;Kertas Cek;Check Paper;;;;Kertas Cek (Check Paper)
PJ-000218;Stamp Duty Paper;Materai;Stamp Duty Paper;;;;Materai (Stamp Duty Paper)
PJ-000219;Stamp;Perangko;Stamp;;;;Perangko (Stamp)
PJ-000220;Litmus Paper;Kertas Litmus/Lakmus;Litmus Paper;;;;Kertas Litmus/Lakmus (Litmus Paper)
PJ-000221;Metallic Paper;Kertas Metalik;Metallic Paper;;;;Kertas Metalik (Metallic Paper)
PJ-000222;Acid-Proof Paper;Kertas Tahan Asam;Acid-Proof Paper;;;;Kertas Tahan Asam (Acid-Proof Paper)
PJ-000223;Pattern Paper;Kertas Pola;Pattern Paper;;;;Kertas Pola (Pattern Paper)
PJ-000224;Coated Paper;Kertas Tersalut;Coated Paper;;;;Kertas Tersalut (Coated Paper)
PJ-000225;Cellophane and Similar Paper;Kertas Selofan dan Sejenisnya;Cellophane and Similar Paper;;;;Kertas Selofan dan Sejenisnya (Cellophane and Similar Paper)
PJ-000226;Magnetic Paper;Kertas Magnetik;Magnetic Paper;;;;Kertas Magnetik (Magnetic Paper)
PJ-000227;Crepe Paper;Kertas Kerut (Crepe);Crepe Paper;;;;Kertas Kerut (Crepe) (Crepe Paper)
PJ-000228;Construction Paper;Kertas Konstruksi;Construction Paper;;;;Kertas Konstruksi (Construction Paper)
PJ-000229;Wrapping and Packing Paper;Kertas Bungkus dan Pengepakan;Wrapping and Packing Paper;;;;Kertas Bungkus dan Pengepakan (Wrapping and Packing Paper)
PJ-000230;Household Paper;Kertas Rumah Tangga;Household Paper;;;;Kertas Rumah Tangga (Household Paper)
PJ-000231;Personal Hygiene Paper;Kertas Kebersihan Pribadi dan Barang;Personal Hygiene Paper;;;;Kertas Kebersihan Pribadi dan Barang (Personal Hygiene Paper)
PJ-000232;Cellulose Cotton Paper;Kertas Kapas Selulosa;Cellulose Cotton Paper;;;;Kertas Kapas Selulosa (Cellulose Cotton Paper)
PJ-000538;Wind Turbine;Turbin angin;Wind Turbine;"2025-01-23 07:30:40.758106";;;Turbin angin (Wind Turbine)
PJ-000537;Thorium Oksida;Thorium Oksida;Thorium Oxyde;"2025-01-23 07:30:40.758106";;;Thorium Oksida (Thorium Oxyde)
PJ-000536;Thorium;Thorium;Thorium;"2025-01-23 07:30:40.758106";;;Thorium
PJ-000535;Fish Flour;Tepung Ikan;Fish Flour;"2025-01-23 07:30:40.758106";;;Tepung Ikan (Fish Flour)
PJ-000534;Tepung Agar-agar;Tepung Agar-agar;Agar-agar Flour;"2025-01-23 07:30:40.758106";;;Tepung Agar-agar (Agar-agar Flour)
PJ-000533;Stainless Steel HRC/Rod/Pipe;Stainless Steel HRC/Rod/Pipe;Stainless Steel HRC/Rod/Pipe;"2025-01-23 07:30:40.758106";;;Stainless Steel HRC/Rod/Pipe
PJ-000532;Battery Precursor;Prekursor Baterai;Battery Precursor;"2025-01-23 07:30:40.758106";;;Prekursor Baterai (Battery Precursor)
PJ-000531;Polysilicon Carbide;Poli-Silikon Karbida;Polysilicon Carbide;"2025-01-23 07:30:40.758106";;;Poli-Silikon Karbida (Polysilicon Carbide)
PJ-000530;Polysilicon;Poli-Silikon Karbida;Polysilicon;"2025-01-23 07:30:40.758106";;;Poli-Silikon Karbida (Polysilicon)
PJ-000529;Pig Iron / Sponge Iron;Besi Kasar;Pig Iron / Sponge Iron;"2025-01-23 07:30:40.758106";;;Besi Kasar (Pig Iron / Sponge Iron)
PJ-000527;Nitrogliserin;Nitrogliserin;Nitroglyceryn;"2025-01-23 07:30:40.758106";;;Nitrogliserin (Nitroglyceryn)
PJ-000526;Monocrystalline Wafer;Monocrystalline Wafer;Monocrystalline Wafer;"2025-01-23 07:30:40.758106";;;Monocrystalline Wafer
PJ-000525;Metallurgical Silicon Carbide;Silikon Karbida Metalurgi;Metallurgical Silicon Carbide;"2025-01-23 07:30:40.758106";;;Silikon Karbida Metalurgi (Metallurgical Silicon Carbide)
PJ-000524;Metallurgical Silicon;Silikon Metalurgi;Metallurgical Silicon;"2025-01-23 07:30:40.758106";;;Silikon Metalurgi (Metallurgical Silicon)
PJ-000523;LTJ Oksida;LTJ Oksida;Rare Earth Metal Oxyde;"2025-01-23 07:30:40.758106";;;LTJ Oksida (Rare Earth Metal Oxyde)
PJ-000522;Kaca Panel Surya;Kaca Panel Surya;Solar Cell Glass;"2025-01-23 07:30:40.758106";;;Kaca Panel Surya (Solar Cell Glass)
PJ-000521;Cobalt Sulphate (EV Battery);Kobal Sulfat (Baterai EV);Cobalt Sulphate (EV Battery);"2025-01-20 09:17:26.818285";;;Kobal Sulfat (Baterai EV) (Cobalt Sulphate (EV Battery))
PJ-000520;Cobalt Matte;Kobal Matte;Cobalt Matte;"2025-01-20 09:17:26.818285";;;Kobal Matte (Cobalt Matte)
PJ-000519;Katalis;Katalisator;Catalysts;"2025-01-20 09:17:26.818285";;;Katalisator (Catalysts)
PJ-000518;Mn Steel;Baja Mangan;Manganese Steel;"2025-01-20 09:17:26.818285";;;Baja Mangan (Manganese Steel)
PJ-000001;Bijih Tembaga;Bijih Tembaga;Copper Ore;"2025-01-06 07:49:34.985466";;;Bijih Tembaga (Copper Ore)
